,rmse,day
0,34.56282668271532,7Jan
1,51.00243357640567,10Jan
2,59.24456066733967,15Dec
3,44.51028238167593,7Dec
4,70.69956550368852,24Jan
5,157.18415487018075,15Nov
6,64.6453399541218,28Nov
7,62.11738106885674,20Nov
